Workbook

Sheet 工單總覽
A1: BODA 工單總覽
A3: 包套(等級) | B3: B+ 基礎套裝 | E3: MSBN 額度 | F3: =IFERROR(VLOOKUP(B3,'設定'!$A$2:$B$12,2,FALSE),0) -> 6 | H3: 輸出時間 | I3: 46283.043
A4: 負責人 | E4: 版本 | F4: V1 | H4: 更新重點
A5: 活動時間 | E5: 美術 Deadline | H5: 總製作張數 | I5: =SUM(C23:C32)+107 -> 114
A6: 工作項目名稱 | E6: 行銷目標
A7: 目標客群
A9: BN曝光資源文案
A10: 主標 | E10: 上限 8
A11: 副標 | E11: 上限 7
A12: 日期／警語 | E12: 上限 14
A13: 曝光資源圖片 | B13: 圖片1,圖片2,圖片3 | E13: 上限 3張 | F13: 多圖用逗號分開，例如：圖片1,圖片2,圖片3
A14: 背景顏色 | B14: #733c90
A16: 其他曝光資源文案
A17: 品牌名 | E17: 上限 9
A18: SearchICON文案 | E18: 上限 2
A19: AR文案 | E19: 上限 6
A21: BN曝光資源
A22: 版位 | B22: 類型 | C22: 張數 | D22: 尺寸
A23: {=IFERROR(INDEX('設定'!$C$2:$N$12,MATCH($B$3,'設定'!$A$2:$A$12,0),1),"")} -> LPBN | B23: {=IFERROR(INDEX('設定'!$O$2:$Z$12,MATCH($B$3,'設定'!$A$2:$A$12,0),1),"")} -> 預設 | C23: =IF(A23="","",IF(B23="預設",IFERROR(VLOOKUP(A23,'設定'!$AB$2:$AJ$14,3,FALSE),1),0)) -> 2 | D23: =IF(A23="","",IFERROR(VLOOKUP(A23,'設定'!$AB$2:$AJ$14,4,FALSE),"")) -> APP 1200×550 PC 1200×400
A24: {=IFERROR(INDEX('設定'!$C$2:$N$12,MATCH($B$3,'設定'!$A$2:$A$12,0),2),"")} -> DDCard | B24: {=IFERROR(INDEX('設定'!$O$2:$Z$12,MATCH($B$3,'設定'!$A$2:$A$12,0),2),"")} -> 預設 | C24: =IF(A24="","",IF(B24="預設",IFERROR(VLOOKUP(A24,'設定'!$AB$2:$AJ$14,3,FALSE),1),0)) -> 1 | D24: =IF(A24="","",IFERROR(VLOOKUP(A24,'設定'!$AB$2:$AJ$14,4,FALSE),"")) -> 531×792
A25: {=IFERROR(INDEX('設定'!$C$2:$N$12,MATCH($B$3,'設定'!$A$2:$A$12,0),3),"")} -> HBN | B25: {=IFERROR(INDEX('設定'!$O$2:$Z$12,MATCH($B$3,'設定'!$A$2:$A$12,0),3),"")} -> 預設 | C25: =IF(A25="","",IF(B25="預設",IFERROR(VLOOKUP(A25,'設定'!$AB$2:$AJ$14,3,FALSE),1),0)) -> 1 | D25: =IF(A25="","",IFERROR(VLOOKUP(A25,'設定'!$AB$2:$AJ$14,4,FALSE),"")) -> 1200×360
A26: {=IFERROR(INDEX('設定'!$C$2:$N$12,MATCH($B$3,'設定'!$A$2:$A$12,0),4),"")} -> 活動總覽 | B26: {=IFERROR(INDEX('設定'!$O$2:$Z$12,MATCH($B$3,'設定'!$A$2:$A$12,0),4),"")} -> 預設 | C26: =IF(A26="","",IF(B26="預設",IFERROR(VLOOKUP(A26,'設定'!$AB$2:$AJ$14,3,FALSE),1),0)) -> 1 | D26: =IF(A26="","",IFERROR(VLOOKUP(A26,'設定'!$AB$2:$AJ$14,4,FALSE),"")) -> 1200x360
A27: {=IFERROR(INDEX('設定'!$C$2:$N$12,MATCH($B$3,'設定'!$A$2:$A$12,0),5),"")} -> 首頁LOGO牆 | B27: {=IFERROR(INDEX('設定'!$O$2:$Z$12,MATCH($B$3,'設定'!$A$2:$A$12,0),5),"")} -> 預設 | C27: =IF(A27="","",IF(B27="預設",IFERROR(VLOOKUP(A27,'設定'!$AB$2:$AJ$14,3,FALSE),1),0)) -> 1 | D27: =IF(A27="","",IFERROR(VLOOKUP(A27,'設定'!$AB$2:$AJ$14,4,FALSE),"")) -> 402×483
A28: {=IFERROR(INDEX('設定'!$C$2:$N$12,MATCH($B$3,'設定'!$A$2:$A$12,0),6),"")} -> AR | B28: {=IFERROR(INDEX('設定'!$O$2:$Z$12,MATCH($B$3,'設定'!$A$2:$A$12,0),6),"")} -> 預設 | C28: =IF(A28="","",IF(B28="預設",IFERROR(VLOOKUP(A28,'設定'!$AB$2:$AJ$14,3,FALSE),1),0)) -> 1 | D28: =IF(A28="","",IFERROR(VLOOKUP(A28,'設定'!$AB$2:$AJ$14,4,FALSE),"")) -> 100×100（依規範）
A29: {=IFERROR(INDEX('設定'!$C$2:$N$12,MATCH($B$3,'設定'!$A$2:$A$12,0),7),"")} -> FB_Post | B29: {=IFERROR(INDEX('設定'!$O$2:$Z$12,MATCH($B$3,'設定'!$A$2:$A$12,0),7),"")} -> 選配 | C29: =IF(A29="","",IF(B29="預設",IFERROR(VLOOKUP(A29,'設定'!$AB$2:$AJ$14,3,FALSE),1),0)) -> 0 | D29: =IF(A29="","",IFERROR(VLOOKUP(A29,'設定'!$AB$2:$AJ$14,4,FALSE),"")) -> 1200×630
A30: {=IFERROR(INDEX('設定'!$C$2:$N$12,MATCH($B$3,'設定'!$A$2:$A$12,0),8),"")} -> AMS BN | B30: {=IFERROR(INDEX('設定'!$O$2:$Z$12,MATCH($B$3,'設定'!$A$2:$A$12,0),8),"")} -> 選配 | C30: =IF(A30="","",IF(B30="預設",IFERROR(VLOOKUP(A30,'設定'!$AB$2:$AJ$14,3,FALSE),1),0)) -> 0 | D30: =IF(A30="","",IFERROR(VLOOKUP(A30,'設定'!$AB$2:$AJ$14,4,FALSE),"")) -> 1077×264（依規範）
A31: {=IFERROR(INDEX('設定'!$C$2:$N$12,MATCH($B$3,'設定'!$A$2:$A$12,0),9),"")} -> Coin_page | B31: {=IFERROR(INDEX('設定'!$O$2:$Z$12,MATCH($B$3,'設定'!$A$2:$A$12,0),9),"")} -> 選配 | C31: =IF(A31="","",IF(B31="預設",IFERROR(VLOOKUP(A31,'設定'!$AB$2:$AJ$14,3,FALSE),1),0)) -> 0 | D31: =IF(A31="","",IFERROR(VLOOKUP(A31,'設定'!$AB$2:$AJ$14,4,FALSE),"")) -> 1200×391
A32: {=IFERROR(INDEX('設定'!$C$2:$N$12,MATCH($B$3,'設定'!$A$2:$A$12,0),10),"")} -> IG | B32: {=IFERROR(INDEX('設定'!$O$2:$Z$12,MATCH($B$3,'設定'!$A$2:$A$12,0),10),"")} -> 選配 | C32: =IF(A32="","",IF(B32="預設",IFERROR(VLOOKUP(A32,'設定'!$AB$2:$AJ$14,3,FALSE),1),0)) -> 0 | D32: =IF(A32="","",IFERROR(VLOOKUP(A32,'設定'!$AB$2:$AJ$14,4,FALSE),"")) -> 900×1600

Sheet MS Layout
A1: 素材 | B1: Layout（綠色欄位可填；固定欄位與規則已鎖定） | O1: 視覺參考（目前系統實際版位）
B2: 款式 1-1（A-1-1） | E2: 款式 1-2（A-1-2） | H2: 款式 1-3（A-1-3）
A3: 副區 | B3: LOGO圖 (多圖用逗號分開) | D3: =IF(C3="","待填","OK") -> 待填 | E3: LOGO圖 (多圖用逗號分開) | G3: =IF(F3="","待填","OK") -> 待填 | H3: LOGO圖 (多圖用逗號分開) | J3: =IF(I3="","待填","OK") -> 待填
B4: 促標 | D4: =IF(C4="","限5字",IF(LENB(C4)/2<=5,"OK","超過")) -> 限5字 | E4: 促標 | G4: =IF(F4="","限5字",IF(LENB(F4)/2<=5,"OK","超過")) -> 限5字 | H4: 促標 | J4: =IF(I4="","限5字",IF(LENB(I4)/2<=5,"OK","超過")) -> 限5字
B5: 商品圖 (多圖用逗號分開) | D5: =IF(C5="","待填","OK") -> 待填 | E5: 商品圖 (多圖用逗號分開) | G5: =IF(F5="","待填","OK") -> 待填 | H5: 商品圖 (多圖用逗號分開) | J5: =IF(I5="","待填","OK") -> 待填
B6: 品名 | D6: =IF(C6="","限8字",IF(LENB(C6)/2<=8,"OK","超過")) -> 限8字 | E6: 品名 | G6: =IF(F6="","限8字",IF(LENB(F6)/2<=8,"OK","超過")) -> 限8字 | H6: 小字 | J6: =IF(I6="","限10字",IF(LENB(I6)/2<=10,"OK","超過")) -> 限10字
B7: 小字 | D7: =IF(C7="","限10字",IF(LENB(C7)/2<=10,"OK","超過")) -> 限10字
B11: 款式 1-4（A-1-4） | E11: 款式 2-1（A-2-1） | H11: 款式 2-2（A-2-2）
A12: 副區 | B12: LOGO圖 (多圖用逗號分開) | D12: =IF(C12="","待填","OK") -> 待填 | E12: LOGO圖 (多圖用逗號分開) | G12: =IF(F12="","待填","OK") -> 待填 | H12: LOGO圖 (多圖用逗號分開) | J12: =IF(I12="","待填","OK") -> 待填
B13: 促標 | D13: =IF(C13="","限5字",IF(LENB(C13)/2<=5,"OK","超過")) -> 限5字 | E13: 促標 | G13: =IF(F13="","限5字",IF(LENB(F13)/2<=5,"OK","超過")) -> 限5字 | H13: 促標 | J13: =IF(I13="","限5字",IF(LENB(I13)/2<=5,"OK","超過")) -> 限5字
B14: 商品圖 (多圖用逗號分開) | D14: =IF(C14="","待填","OK") -> 待填 | E14: 圓標 | G14: =IF(F14="","限5字",IF(LENB(F14)/2<=7,"OK","超過")) -> 限5字 | H14: 圓標 | J14: =IF(I14="","限5字",IF(LENB(I14)/2<=7,"OK","超過")) -> 限5字
E15: 商品圖 (多圖用逗號分開) | G15: =IF(F15="","待填","OK") -> 待填 | H15: 商品圖 (多圖用逗號分開) | J15: =IF(I15="","待填","OK") -> 待填
E16: 品名 | G16: =IF(F16="","限8字",IF(LENB(F16)/2<=8,"OK","超過")) -> 限8字 | H16: 品名 | J16: =IF(I16="","限8字",IF(LENB(I16)/2<=8,"OK","超過")) -> 限8字
E17: 小字 | G17: =IF(F17="","限10字",IF(LENB(F17)/2<=10,"OK","超過")) -> 限10字
B20: 款式 2-3（A-2-3） | E20: 款式 2-4（A-2-4） | H20: 款式 3-1（A-3-1）
A21: 副區 | B21: LOGO圖 (多圖用逗號分開) | D21: =IF(C21="","待填","OK") -> 待填 | E21: LOGO圖 (多圖用逗號分開) | G21: =IF(F21="","待填","OK") -> 待填 | H21: LOGO圖 (多圖用逗號分開) | J21: =IF(I21="","待填","OK") -> 待填
B22: 促標 | D22: =IF(C22="","限5字",IF(LENB(C22)/2<=5,"OK","超過")) -> 限5字 | E22: 促標 | G22: =IF(F22="","限5字",IF(LENB(F22)/2<=5,"OK","超過")) -> 限5字 | H22: 促標 | J22: =IF(I22="","限5字",IF(LENB(I22)/2<=5,"OK","超過")) -> 限5字
B23: 圓標 | D23: =IF(C23="","限5字",IF(LENB(C23)/2<=7,"OK","超過")) -> 限5字 | E23: 圓標 | G23: =IF(F23="","限5字",IF(LENB(F23)/2<=7,"OK","超過")) -> 限5字 | H23: 商品圖 (多圖用逗號分開) | J23: =IF(I23="","待填","OK") -> 待填
B24: 商品圖 (多圖用逗號分開) | D24: =IF(C24="","待填","OK") -> 待填 | E24: 商品圖 (多圖用逗號分開) | G24: =IF(F24="","待填","OK") -> 待填 | H24: 品名 | J24: =IF(I24="","限8字",IF(LENB(I24)/2<=8,"OK","超過")) -> 限8字
B25: 小字 | D25: =IF(C25="","限10字",IF(LENB(C25)/2<=10,"OK","超過")) -> 限10字 | H25: 小字 | J25: =IF(I25="","限10字",IF(LENB(I25)/2<=10,"OK","超過")) -> 限10字
H26: CTA | I26: ▶ | J26: =IF(I26="","限3字",IF(LENB(I26)/2<=3,"OK","超過")) -> OK
B29: 款式 3-2（A-3-2） | E29: 款式 3-3（A-3-3） | H29: 款式 3-4（A-3-4）
A30: 副區 | B30: LOGO圖 (多圖用逗號分開) | D30: =IF(C30="","待填","OK") -> 待填 | E30: LOGO圖 (多圖用逗號分開) | G30: =IF(F30="","待填","OK") -> 待填 | H30: LOGO圖 (多圖用逗號分開) | J30: =IF(I30="","待填","OK") -> 待填
B31: 促標 | D31: =IF(C31="","限5字",IF(LENB(C31)/2<=5,"OK","超過")) -> 限5字 | E31: 促標 | G31: =IF(F31="","限5字",IF(LENB(F31)/2<=5,"OK","超過")) -> 限5字 | H31: 促標 | J31: =IF(I31="","限5字",IF(LENB(I31)/2<=5,"OK","超過")) -> 限5字
B32: 商品圖 (多圖用逗號分開) | D32: =IF(C32="","待填","OK") -> 待填 | E32: 商品圖 (多圖用逗號分開) | G32: =IF(F32="","待填","OK") -> 待填 | H32: 商品圖 (多圖用逗號分開) | J32: =IF(I32="","待填","OK") -> 待填
B33: CTA | C33: ▶ | D33: =IF(C33="","限3字",IF(LENB(C33)/2<=3,"OK","超過")) -> OK | E33: CTA | F33: ▶ | G33: =IF(F33="","限3字",IF(LENB(F33)/2<=3,"OK","超過")) -> OK | H33: CTA | I33: ▶ | J33: =IF(I33="","限3字",IF(LENB(I33)/2<=3,"OK","超過")) -> OK
B34: 品名 | D34: =IF(C34="","限8字",IF(LENB(C34)/2<=8,"OK","超過")) -> 限8字 | E34: 小字 | G34: =IF(F34="","限10字",IF(LENB(F34)/2<=10,"OK","超過")) -> 限10字
B38: 款式 4-1（A-4-1） | E38: 款式 4-2（A-4-2） | H38: 款式 4-3（A-4-3）
A39: 副區 | B39: LOGO圖 (多圖用逗號分開) | D39: =IF(C39="","待填","OK") -> 待填 | E39: LOGO圖 (多圖用逗號分開) | G39: =IF(F39="","待填","OK") -> 待填 | H39: LOGO圖 (多圖用逗號分開) | J39: =IF(I39="","待填","OK") -> 待填
B40: 促標 | D40: =IF(C40="","限5字",IF(LENB(C40)/2<=5,"OK","超過")) -> 限5字 | E40: 促標 | G40: =IF(F40="","限5字",IF(LENB(F40)/2<=5,"OK","超過")) -> 限5字 | H40: 促標 | J40: =IF(I40="","限5字",IF(LENB(I40)/2<=5,"OK","超過")) -> 限5字
B41: 品名 | D41: =IF(C41="","限4字",IF(LENB(C41)/2<=4,"OK","超過")) -> 限4字 | E41: 商品圖 (多圖用逗號分開) | G41: =IF(F41="","待填","OK") -> 待填 | H41: 商品圖 (多圖用逗號分開) | J41: =IF(I41="","待填","OK") -> 待填
B42: 品名 | D42: =IF(C42="","限4字",IF(LENB(C42)/2<=4,"OK","超過")) -> 限4字 | E42: 品名 | G42: =IF(F42="","限8字",IF(LENB(F42)/2<=8,"OK","超過")) -> 限8字 | H42: 小字 | J42: =IF(I42="","限10字",IF(LENB(I42)/2<=10,"OK","超過")) -> 限10字
B43: 小字 | D43: =IF(C43="","限5字",IF(LENB(C43)/2<=5,"OK","超過")) -> 限5字 | E43: CTA | F43: 逛逛去 | G43: =IF(F43="","限3字",IF(LENB(F43)/2<=3,"OK","超過")) -> OK | H43: CTA | I43: 逛逛去 | J43: =IF(I43="","限3字",IF(LENB(I43)/2<=3,"OK","超過")) -> OK
B44: 商品圖 (多圖用逗號分開) | D44: =IF(C44="","待填","OK") -> 待填
B45: CTA | C45: 逛逛去 | D45: =IF(C45="","限3字",IF(LENB(C45)/2<=3,"OK","超過")) -> OK
B47: 款式 4-4（A-4-4） | E47: 款式 5-1（A-5-1） | H47: 款式 5-2（A-5-2）
A48: 副區 | B48: LOGO圖 (多圖用逗號分開) | D48: =IF(C48="","待填","OK") -> 待填 | E48: LOGO圖 (多圖用逗號分開) | G48: =IF(F48="","待填","OK") -> 待填 | H48: LOGO圖 (多圖用逗號分開) | J48: =IF(I48="","待填","OK") -> 待填
B49: 促標 | D49: =IF(C49="","限5字",IF(LENB(C49)/2<=5,"OK","超過")) -> 限5字 | E49: 促標 | G49: =IF(F49="","限5字",IF(LENB(F49)/2<=5,"OK","超過")) -> 限5字 | H49: 促標 | J49: =IF(I49="","限5字",IF(LENB(I49)/2<=5,"OK","超過")) -> 限5字
B50: 商品圖 (多圖用逗號分開) | D50: =IF(C50="","待填","OK") -> 待填 | E50: 品名 | G50: =IF(F50="","限4字",IF(LENB(F50)/2<=4,"OK","超過")) -> 限4字 | H50: 圓標 | J50: =IF(I50="","限5字",IF(LENB(I50)/2<=7,"OK","超過")) -> 限5字
B51: CTA | C51: 逛逛去 | D51: =IF(C51="","限3字",IF(LENB(C51)/2<=3,"OK","超過")) -> OK | E51: 品名 | G51: =IF(F51="","限4字",IF(LENB(F51)/2<=4,"OK","超過")) -> 限4字 | H51: 品名 | J51: =IF(I51="","限4字",IF(LENB(I51)/2<=4,"OK","超過")) -> 限4字
E52: 商品圖 (多圖用逗號分開) | G52: =IF(F52="","待填","OK") -> 待填 | H52: 品名 | J52: =IF(I52="","限4字",IF(LENB(I52)/2<=4,"OK","超過")) -> 限4字
E53: 小字 | G53: =IF(F53="","限5字",IF(LENB(F53)/2<=5,"OK","超過")) -> 限5字 | H53: 小字 | J53: =IF(I53="","限5字",IF(LENB(I53)/2<=5,"OK","超過")) -> 限5字
H54: 商品圖 (多圖用逗號分開) | J54: =IF(I54="","待填","OK") -> 待填
B56: 款式 5-3（A-5-3）
A57: 副區 | B57: LOGO圖 (多圖用逗號分開) | D57: =IF(C57="","待填","OK") -> 待填
B58: 促標 | D58: =IF(C58="","限5字",IF(LENB(C58)/2<=5,"OK","超過")) -> 限5字
B59: 品名 | D59: =IF(C59="","限4字",IF(LENB(C59)/2<=4,"OK","超過")) -> 限4字
B60: 品名 | D60: =IF(C60="","限4字",IF(LENB(C60)/2<=4,"OK","超過")) -> 限4字
B61: 商品圖 (多圖用逗號分開) | D61: =IF(C61="","待填","OK") -> 待填
B62: 小字 | D62: =IF(C62="","限5字",IF(LENB(C62)/2<=5,"OK","超過")) -> 限5字
B63: CTA | C63: ▶ | D63: =IF(C63="","限3字",IF(LENB(C63)/2<=3,"OK","超過")) -> OK
B65: 款式 1-1（B-1-1） | E65: 款式 1-2（B-1-2） | H65: 款式 1-3（B-1-3）
A66: 副區 | B66: 促標 | D66: =IF(C66="","限8字",IF(LENB(C66)/2<=8,"OK","超過")) -> 限8字 | E66: 促標 | G66: =IF(F66="","限8字",IF(LENB(F66)/2<=8,"OK","超過")) -> 限8字 | H66: 促標 | J66: =IF(I66="","限8字",IF(LENB(I66)/2<=8,"OK","超過")) -> 限8字
B67: 商品圖 (多圖用逗號分開) | D67: =IF(C67="","待填","OK") -> 待填 | E67: 商品圖 (多圖用逗號分開) | G67: =IF(F67="","待填","OK") -> 待填 | H67: 商品圖 (多圖用逗號分開) | J67: =IF(I67="","待填","OK") -> 待填
B68: 品名 | D68: =IF(C68="","限8字",IF(LENB(C68)/2<=8,"OK","超過")) -> 限8字 | E68: 品名 | G68: =IF(F68="","限8字",IF(LENB(F68)/2<=8,"OK","超過")) -> 限8字 | H68: 小字 | J68: =IF(I68="","限10字",IF(LENB(I68)/2<=10,"OK","超過")) -> 限10字
B69: 小字 | D69: =IF(C69="","限10字",IF(LENB(C69)/2<=10,"OK","超過")) -> 限10字
B74: 款式 1-4（B-1-4） | E74: 款式 2-1（B-2-1） | H74: 款式 2-2（B-2-2）
A75: 副區 | B75: 促標 | D75: =IF(C75="","限8字",IF(LENB(C75)/2<=8,"OK","超過")) -> 限8字 | E75: 促標 | G75: =IF(F75="","限8字",IF(LENB(F75)/2<=8,"OK","超過")) -> 限8字 | H75: 促標 | J75: =IF(I75="","限8字",IF(LENB(I75)/2<=8,"OK","超過")) -> 限8字
B76: 商品圖 (多圖用逗號分開) | D76: =IF(C76="","待填","OK") -> 待填 | E76: 圓標 | G76: =IF(F76="","限5字",IF(LENB(F76)/2<=7,"OK","超過")) -> 限5字 | H76: 圓標 | J76: =IF(I76="","限5字",IF(LENB(I76)/2<=7,"OK","超過")) -> 限5字
E77: 商品圖 (多圖用逗號分開) | G77: =IF(F77="","待填","OK") -> 待填 | H77: 商品圖 (多圖用逗號分開) | J77: =IF(I77="","待填","OK") -> 待填
E78: 品名 | G78: =IF(F78="","限8字",IF(LENB(F78)/2<=8,"OK","超過")) -> 限8字 | H78: 品名 | J78: =IF(I78="","限8字",IF(LENB(I78)/2<=8,"OK","超過")) -> 限8字
E79: 小字 | G79: =IF(F79="","限10字",IF(LENB(F79)/2<=10,"OK","超過")) -> 限10字
B83: 款式 2-3（B-2-3） | E83: 款式 2-4（B-2-4） | H83: 款式 3-1（B-3-1）
A84: 副區 | B84: 促標 | D84: =IF(C84="","限8字",IF(LENB(C84)/2<=8,"OK","超過")) -> 限8字 | E84: 促標 | G84: =IF(F84="","限8字",IF(LENB(F84)/2<=8,"OK","超過")) -> 限8字 | H84: 促標 | J84: =IF(I84="","限8字",IF(LENB(I84)/2<=8,"OK","超過")) -> 限8字
B85: 圓標 | D85: =IF(C85="","限5字",IF(LENB(C85)/2<=7,"OK","超過")) -> 限5字 | E85: 圓標 | G85: =IF(F85="","限5字",IF(LENB(F85)/2<=7,"OK","超過")) -> 限5字 | H85: 商品圖 (多圖用逗號分開) | J85: =IF(I85="","待填","OK") -> 待填
B86: 商品圖 (多圖用逗號分開) | D86: =IF(C86="","待填","OK") -> 待填 | E86: 商品圖 (多圖用逗號分開) | G86: =IF(F86="","待填","OK") -> 待填 | H86: CTA | I86: ▶ | J86: =IF(I86="","限3字",IF(LENB(I86)/2<=3,"OK","超過")) -> OK
B87: 小字 | D87: =IF(C87="","限10字",IF(LENB(C87)/2<=10,"OK","超過")) -> 限10字 | H87: 品名 | J87: =IF(I87="","限8字",IF(LENB(I87)/2<=8,"OK","超過")) -> 限8字
H88: 小字 | J88: =IF(I88="","限10字",IF(LENB(I88)/2<=10,"OK","超過")) -> 限10字
B92: 款式 3-2（B-3-2） | E92: 款式 3-3（B-3-3） | H92: 款式 3-4（B-3-4）
A93: 副區 | B93: 促標 | D93: =IF(C93="","限8字",IF(LENB(C93)/2<=8,"OK","超過")) -> 限8字 | E93: 促標 | G93: =IF(F93="","限8字",IF(LENB(F93)/2<=8,"OK","超過")) -> 限8字 | H93: 促標 | J93: =IF(I93="","限8字",IF(LENB(I93)/2<=8,"OK","超過")) -> 限8字
B94: 商品圖 (多圖用逗號分開) | D94: =IF(C94="","待填","OK") -> 待填 | E94: 商品圖 (多圖用逗號分開) | G94: =IF(F94="","待填","OK") -> 待填 | H94: 商品圖 (多圖用逗號分開) | J94: =IF(I94="","待填","OK") -> 待填
B95: CTA | C95: ▶ | D95: =IF(C95="","限3字",IF(LENB(C95)/2<=3,"OK","超過")) -> OK | E95: CTA | F95: ▶ | G95: =IF(F95="","限3字",IF(LENB(F95)/2<=3,"OK","超過")) -> OK | H95: CTA | I95: ▶ | J95: =IF(I95="","限3字",IF(LENB(I95)/2<=3,"OK","超過")) -> OK
B96: 品名 | D96: =IF(C96="","限8字",IF(LENB(C96)/2<=8,"OK","超過")) -> 限8字 | E96: 小字 | G96: =IF(F96="","限10字",IF(LENB(F96)/2<=10,"OK","超過")) -> 限10字
B101: 款式 4-1（B-4-1） | E101: 款式 4-2（B-4-2） | H101: 款式 4-3（B-4-3）
A102: 副區 | B102: 促標 | D102: =IF(C102="","限8字",IF(LENB(C102)/2<=8,"OK","超過")) -> 限8字 | E102: 促標 | G102: =IF(F102="","限8字",IF(LENB(F102)/2<=8,"OK","超過")) -> 限8字 | H102: 促標 | J102: =IF(I102="","限8字",IF(LENB(I102)/2<=8,"OK","超過")) -> 限8字
B103: 品名 | D103: =IF(C103="","限4字",IF(LENB(C103)/2<=4,"OK","超過")) -> 限4字 | E103: 商品圖 (多圖用逗號分開) | G103: =IF(F103="","待填","OK") -> 待填 | H103: 商品圖 (多圖用逗號分開) | J103: =IF(I103="","待填","OK") -> 待填
B104: 品名 | D104: =IF(C104="","限4字",IF(LENB(C104)/2<=4,"OK","超過")) -> 限4字 | E104: 品名 | G104: =IF(F104="","限8字",IF(LENB(F104)/2<=8,"OK","超過")) -> 限8字 | H104: 小字 | J104: =IF(I104="","限10字",IF(LENB(I104)/2<=10,"OK","超過")) -> 限10字
B105: 小字 | D105: =IF(C105="","限5字",IF(LENB(C105)/2<=5,"OK","超過")) -> 限5字 | E105: CTA | F105: 逛逛去 | G105: =IF(F105="","限3字",IF(LENB(F105)/2<=3,"OK","超過")) -> OK | H105: CTA | I105: 逛逛去 | J105: =IF(I105="","限3字",IF(LENB(I105)/2<=3,"OK","超過")) -> OK
B106: 商品圖 (多圖用逗號分開) | D106: =IF(C106="","待填","OK") -> 待填
B107: CTA | C107: 逛逛去 | D107: =IF(C107="","限3字",IF(LENB(C107)/2<=3,"OK","超過")) -> OK
B110: 款式 4-4（B-4-4） | E110: 款式 5-1（B-5-1） | H110: 款式 5-2（B-5-2）
A111: 副區 | B111: 促標 | D111: =IF(C111="","限8字",IF(LENB(C111)/2<=8,"OK","超過")) -> 限8字 | E111: 促標 | G111: =IF(F111="","限8字",IF(LENB(F111)/2<=8,"OK","超過")) -> 限8字 | H111: 促標 | J111: =IF(I111="","限8字",IF(LENB(I111)/2<=8,"OK","超過")) -> 限8字
B112: 商品圖 (多圖用逗號分開) | D112: =IF(C112="","待填","OK") -> 待填 | E112: 品名 | G112: =IF(F112="","限4字",IF(LENB(F112)/2<=4,"OK","超過")) -> 限4字 | H112: 圓標 | J112: =IF(I112="","限5字",IF(LENB(I112)/2<=7,"OK","超過")) -> 限5字
B113: CTA | C113: 逛逛去 | D113: =IF(C113="","限3字",IF(LENB(C113)/2<=3,"OK","超過")) -> OK | E113: 品名 | G113: =IF(F113="","限4字",IF(LENB(F113)/2<=4,"OK","超過")) -> 限4字 | H113: 品名 | J113: =IF(I113="","限4字",IF(LENB(I113)/2<=4,"OK","超過")) -> 限4字
E114: 小字 | G114: =IF(F114="","限5字",IF(LENB(F114)/2<=5,"OK","超過")) -> 限5字 | H114: 品名 | J114: =IF(I114="","限4字",IF(LENB(I114)/2<=4,"OK","超過")) -> 限4字
E115: 商品圖 (多圖用逗號分開) | G115: =IF(F115="","待填","OK") -> 待填 | H115: 小字 | J115: =IF(I115="","限5字",IF(LENB(I115)/2<=5,"OK","超過")) -> 限5字
H116: 商品圖 (多圖用逗號分開) | J116: =IF(I116="","待填","OK") -> 待填
B119: 款式 5-3（B-5-3） | E119: 款式 5-4（B-5-4）
A120: 副區 | B120: 促標 | D120: =IF(C120="","限8字",IF(LENB(C120)/2<=8,"OK","超過")) -> 限8字 | E120: 促標 | G120: =IF(F120="","限8字",IF(LENB(F120)/2<=8,"OK","超過")) -> 限8字
B121: 品名 | D121: =IF(C121="","限4字",IF(LENB(C121)/2<=4,"OK","超過")) -> 限4字 | E121: 品名 | G121: =IF(F121="","限4字",IF(LENB(F121)/2<=4,"OK","超過")) -> 限4字
B122: 品名 | D122: =IF(C122="","限4字",IF(LENB(C122)/2<=4,"OK","超過")) -> 限4字 | E122: 品名 | G122: =IF(F122="","限4字",IF(LENB(F122)/2<=4,"OK","超過")) -> 限4字
B123: 小字 | D123: =IF(C123="","限5字",IF(LENB(C123)/2<=5,"OK","超過")) -> 限5字 | E123: 小字 | G123: =IF(F123="","限5字",IF(LENB(F123)/2<=5,"OK","超過")) -> 限5字
B124: CTA | C124: ▶ | D124: =IF(C124="","限3字",IF(LENB(C124)/2<=3,"OK","超過")) -> OK | E124: CTA | F124: 逛逛去 | G124: =IF(F124="","限3字",IF(LENB(F124)/2<=3,"OK","超過")) -> OK
B125: 商品圖 (多圖用逗號分開) | D125: =IF(C125="","待填","OK") -> 待填 | E125: 商品圖 (多圖用逗號分開) | G125: =IF(F125="","待填","OK") -> 待填
B128: 款式 1-1（C-1-1） | H128: 款式 1-2（C-1-2）
A129: 副區 | B129: LOGO圖 (多圖用逗號分開) | D129: =IF(C129="","待填","OK") -> 待填 | H129: LOGO圖 (多圖用逗號分開) | J129: =IF(I129="","待填","OK") -> 待填
B130: 促標 | D130: =IF(C130="","限8字",IF(LENB(C130)/2<=8,"OK","超過")) -> 限8字 | H130: 促標 | J130: =IF(I130="","限8字",IF(LENB(I130)/2<=8,"OK","超過")) -> 限8字
B131: 商品圖 (多圖用逗號分開) | D131: =IF(C131="","待填","OK") -> 待填 | H131: 商品圖 (多圖用逗號分開) | J131: =IF(I131="","待填","OK") -> 待填
B132: 品名 | D132: =IF(C132="","限12字",IF(LENB(C132)/2<=12,"OK","超過")) -> 限12字 | H132: 品名 | J132: =IF(I132="","限12字",IF(LENB(I132)/2<=12,"OK","超過")) -> 限12字
B133: 小字 | D133: =IF(C133="","限16字",IF(LENB(C133)/2<=16,"OK","超過")) -> 限16字
...

Sheet 設定
A1: 等級 | B1: MSBN額度 | C1: 資源1 | D1: 資源2 | E1: 資源3 | F1: 資源4 | G1: 資源5 | H1: 資源6 | I1: 資源7 | J1: 資源8 | K1: 資源9 | L1: 資源10 | M1: 資源11 | N1: 資源12 | O1: 類型1 | P1: 類型2 | Q1: 類型3 | R1: 類型4 | S1: 類型5 | T1: 類型6 | U1: 類型7 | V1: 類型8 | W1: 類型9 | X1: 類型10 | Y1: 類型11 | Z1: 類型12 | AB1: key | AC1: 顯示名稱 | AD1: 張數 | AE1: 尺寸 | AF1: 格式 | AG1: 規範字數 | AH1: 提醒 | AI1: 系統排版 | AJ1: 可用
A2: A Brand star (Mega) | B2: 8 | C2: LPBN | O2: 預設 | AB2: LPBN | AC2: LPBN | AD2: 2 | AE2: APP 1200×550 PC 1200×400 | AF2: JPG | AG2: 主標≤8；副標≤7；日期／警語≤14 | AH2: APP、PC 各 1 張 | AI2: LPBN_APP／LPBN_PC | AJ2: 是
A3: A Brand star (Mega) 資交 | B3: 4 | C3: LPBN | O3: 預設 | AB3: DDCard | AC3: DD Card BN (APP) | AD3: 1 | AE3: 531×792 | AF3: JPG | AG3: 主標≤8；副標≤7；日期/警語≤14 | AH3: LOGO、商品圖；CTA 依版型 | AI3: ddcard無logo／ddcard方logo／ddcard橫logo | AJ3: 是
A4: A 精選套裝 | B4: 4 | C4: LPBN | O4: 預設 | AB4: HBN | AC4: HBN (PC) | AD4: 1 | AE4: 1200×360 | AF4: JPG | AG4: 主標≤8；副標≤7；日期/警語≤14 | AH4: 橫式或方形 LOGO 版 | AI4: HBN_橫式LOGO／HBN_方式LOGO | AJ4: 是
A5: A 品牌旗艦MDD | B5: 6 | C5: LPBN | O5: 預設 | AB5: 活動總覽 | AC5: 活動總覽 | AD5: 1 | AE5: 1200x360 | AF5: JPG | AG5: 主標≤8；副標≤7；日期/警語≤14 | AJ5: 否
A6: A 品牌旗艦MDD 資交 | B6: 0 | C6: LPBN | O6: 預設 | AB6: 首頁LOGO牆 | AC6: 首頁 LOGO 牆 | AD6: 1 | AE6: 402×483 | AF6: JPG/PNG | AG6: LOGO／人物或商品圖可縮放 | AH6: LOGO 位於曝品或人物範圍內，可用滑鼠縮放；會呈現曝品圖中第1品。 | AI6: 首頁LOGO牆 | AJ6: 是
A7: B+ BOD A | B7: 6 | C7: LPBN | D7: DDCard | E7: HBN | F7: 活動總覽 | G7: 首頁LOGO牆 | H7: AR | I7: FB_Post | J7: AMS BN | K7: Coin_page | L7: IG | M7: SearchIcon | N7: SearchImage | O7: 預設 | P7: 預設 | Q7: 預設 | R7: 預設 | S7: 預設 | T7: 預設 | U7: 預設 | V7: 預設 | W7: 選配 | X7: 選配 | Y7: 選配 | Z7: 選配 | AB7: AR | AC7: AR | AD7: 1 | AE7: 100×100（依規範） | AF7: JPG/PNG | AG7: 文案≤6 或 LOGO；2擇1 | AH7: 目前系統尚未提供可編輯版型 | AI7: 尚未提供版型 | AJ7: 否
A8: B+ BOD A 資交 | B8: 0 | C8: LPBN | D8: DDCard | E8: HBN | F8: 活動總覽 | G8: 首頁LOGO牆 | H8: AR | I8: FB_Post | J8: AMS BN | K8: Coin_page | L8: IG | M8: SearchIcon | N8: SearchImage | O8: 預設 | P8: 預設 | Q8: 預設 | R8: 預設 | S8: 預設 | T8: 預設 | U8: 預設 | V8: 預設 | W8: 選配 | X8: 選配 | Y8: 選配 | Z8: 選配 | AB8: FB_Post | AC8: FB POST | AD8: 1 | AE8: 1200×630 | AF8: JPG | AG8: 品牌名≤9；主標≤8；副標≤7；日期/警語≤14 | AH8: 方 LOGO／橫 LOGO | AI8: FB_POST_方LOGO／FB_POST_橫LOGO | AJ8: 是
A9: B+ BOD B (Mega) | B9: 6 | C9: LPBN | D9: DDCard | E9: HBN | F9: 活動總覽 | G9: 首頁LOGO牆 | H9: AR | I9: FB_Post | J9: AMS BN | K9: Coin_page | L9: IG | O9: 預設 | P9: 預設 | Q9: 預設 | R9: 預設 | S9: 預設 | T9: 預設 | U9: 選配 | V9: 選配 | W9: 選配 | X9: 選配 | AB9: AMS BN | AC9: AMS BN | AD9: 1 | AE9: 1077×264（依規範） | AF9: JPG | AG9: 依 AMS 規格 | AH9: 目前系統尚未提供可編輯版型 | AI9: 尚未提供版型 | AJ9: 否
A10: B+ 基礎套裝 | B10: 6 | C10: LPBN | D10: DDCard | E10: HBN | F10: 活動總覽 | G10: 首頁LOGO牆 | H10: AR | I10: FB_Post | J10: AMS BN | K10: Coin_page | L10: IG | O10: 預設 | P10: 預設 | Q10: 預設 | R10: 預設 | S10: 預設 | T10: 預設 | U10: 選配 | V10: 選配 | W10: 選配 | X10: 選配 | AB10: Coin_page | AC10: Coin Page BN | AD10: 1 | AE10: 1200×391 | AF10: JPG | AG10: 品牌名≤9；主標≤8；副標≤7；日期/警語≤14 | AH10: 方 LOGO／橫 LOGO | AI10: Coin_pageBN_APP方LOGO／Coin_pageBN_APP橫LOGO | AJ10: 是
A11: B JBP多店 | B11: 3 | C11: LPBN | D11: IG | E11: HBN | F11: DDCard | G11: Coin_page | H11: FB_Post | I11: SCPN | J11: SearchImage | K11: SearchIcon | O11: 預設 | P11: 預設 | Q11: 預設 | R11: 預設 | S11: 預設 | T11: 預設 | U11: 預設 | V11: 預設 | W11: 預設 | AB11: IG | AC11: IG | AD11: 1 | AE11: 900×1600 | AF11: JPG | AG11: 品牌名≤9；主標≤8；副標≤7；日期/警語≤14 | AH11: 方 LOGO／橫 LOGO | AI11: IG方logo排版／IG橫logo排版 | AJ11: 是
A12: B 金牌 (Mega) | B12: 3 | C12: LPBN | D12: DDCard | E12: HBN | F12: 活動總覽 | G12: AR | H12: Coin_page | O12: 預設 | P12: 預設 | Q12: 預設 | R12: 預設 | S12: 預設 | T12: 選配 | AB12: SearchIcon | AC12: Search ICON | AD12: 1 | AE12: 120×120＋84×84 | AF12: PNG | AG12: ICON 文案≤2；或 LOGO／商品圖 | AH12: 120×120 建議 <50KB，另輸出 84×84 | AI12: SearchICON_LOGO／PRODUCT／TEXT | AJ12: 是
AB13: SearchImage | AC13: Search Image | AD13: 1 | AE13: 1125×156 | AF13: JPG/PNG | AG13: 副標≤7；LOGO 1～3 個 | AH13: 依選用版型提供 1～3 個 LOGO | AI13: Search_Image1logo／2logo／3logo | AJ13: 是
AB14: SCPN | AC14: SCBN／SCPN | AD14: 1 | AE14: 1200×200 | AF14: JPG | AG14: 品牌名≤9；副標≤7；CTA | AH14: 商城橫幅 | AI14: SCBN_APP | AJ14: 是

Sheet _BODA_META
A1: BODA_WORKORDER_V2
A2: kind | B2: sourceKey | C2: band | D2: order | E2: family | F2: variant | G2: combo | H2: msbnFile | I2: position | J2: label | K2: address | L2: header | M2: file | N2: locked | O2: hint | P2: targetKey
A3: subarea | B3: msbn-sub:0:0 | C3: 1 | D3: 1 | E3: A | F3: 1 | G3: 1 | I3: 1 | J3: 促標 | K3: D3 | L3: 款式 1-1 | M3: 副區-A-1-1.jpg | N3: 0 | O3: 限5字
A4: subarea | B4: msbn-sub:0:0 | C4: 1 | D4: 1 | E4: A | F4: 1 | G4: 1 | I4: 1 | J4: LOGO圖 | K4: D4 | L4: 款式 1-1 | M4: 副區-A-1-1.jpg | N4: 0 | O4: (圖檔名)
A5: subarea | B5: msbn-sub:0:0 | C5: 1 | D5: 1 | E5: A | F5: 1 | G5: 1 | I5: 1 | J5: 商品圖 | K5: D5 | L5: 款式 1-1 | M5: 副區-A-1-1.jpg | N5: 0 | O5: (圖檔名)
A6: subarea | B6: msbn-sub:0:0 | C6: 1 | D6: 1 | E6: A | F6: 1 | G6: 1 | I6: 1 | J6: 品名 | K6: D6 | L6: 款式 1-1 | M6: 副區-A-1-1.jpg | N6: 0 | O6: 限8字
A7: subarea | B7: msbn-sub:0:0 | C7: 1 | D7: 1 | E7: A | F7: 1 | G7: 1 | I7: 1 | J7: 警語 | K7: D7 | L7: 款式 1-1 | M7: 副區-A-1-1.jpg | N7: 0 | O7: 限10字
A8: subarea | B8: msbn-sub:0:1 | C8: 1 | D8: 2 | E8: A | F8: 1 | G8: 2 | I8: 2 | J8: 促標 | K8: I3 | L8: 款式 1-2 | M8: 副區-A-1-2.jpg | N8: 0 | O8: 限5字
A9: subarea | B9: msbn-sub:0:1 | C9: 1 | D9: 2 | E9: A | F9: 1 | G9: 2 | I9: 2 | J9: LOGO圖 | K9: I4 | L9: 款式 1-2 | M9: 副區-A-1-2.jpg | N9: 0 | O9: (圖檔名)
A10: subarea | B10: msbn-sub:0:1 | C10: 1 | D10: 2 | E10: A | F10: 1 | G10: 2 | I10: 2 | J10: 商品圖 | K10: I5 | L10: 款式 1-2 | M10: 副區-A-1-2.jpg | N10: 0 | O10: (圖檔名)
A11: subarea | B11: msbn-sub:0:1 | C11: 1 | D11: 2 | E11: A | F11: 1 | G11: 2 | I11: 2 | J11: 品名 | K11: I6 | L11: 款式 1-2 | M11: 副區-A-1-2.jpg | N11: 0 | O11: 限8字
A12: subarea | B12: msbn-sub:0:2 | C12: 1 | D12: 3 | E12: A | F12: 1 | G12: 3 | I12: 3 | J12: 促標 | K12: N3 | L12: 款式 1-3 | M12: 副區-A-1-3.jpg | N12: 0 | O12: 限5字
A13: subarea | B13: msbn-sub:0:2 | C13: 1 | D13: 3 | E13: A | F13: 1 | G13: 3 | I13: 3 | J13: LOGO圖 | K13: N4 | L13: 款式 1-3 | M13: 副區-A-1-3.jpg | N13: 0 | O13: (圖檔名)
A14: subarea | B14: msbn-sub:0:2 | C14: 1 | D14: 3 | E14: A | F14: 1 | G14: 3 | I14: 3 | J14: 商品圖 | K14: N5 | L14: 款式 1-3 | M14: 副區-A-1-3.jpg | N14: 0 | O14: (圖檔名)
... A312: subarea | B312: msbn-sub:27:0 | C312: 28 | D312: 65 | E312: D | F312: 4 | G312: 4 | I312: 1 | J312: CTA | K312: D190 | L312: 款式 4-4 | M312: 副區-D-4-4.jpg | N312: 0 | O312: 限3字
A313: subarea | B313: msbn-sub:28:0 | C313: 29 | D313: 66 | E313: E | F313: 1 | G313: 1 | I313: 1 | J313: 促標 | K313: D193 | L313: 款式 1-1 | M313: 副區-E-1-1.jpg | N313: 0
A314: subarea | B314: msbn-sub:28:0 | C314: 29 | D314: 66 | E314: E | F314: 1 | G314: 1 | I314: 1 | J314: LOGO圖 | K314: D194 | L314: 款式 1-1 | M314: 副區-E-1-1.jpg | N314: 0 | O314: (圖檔名)
A315: subarea | B315: msbn-sub:28:0 | C315: 29 | D315: 66 | E315: E | F315: 1 | G315: 1 | I315: 1 | J315: 商品圖 | K315: D195 | L315: 款式 1-1 | M315: 副區-E-1-1.jpg | N315: 0 | O315: (圖檔名)
A316: subarea | B316: msbn-sub:28:0 | C316: 29 | D316: 66 | E316: E | F316: 1 | G316: 1 | I316: 1 | J316: 品名-1 | K316: D196 | L316: 款式 1-1 | M316: 副區-E-1-1.jpg | N316: 0 | O316: 限5字
A317: subarea | B317: msbn-sub:28:0 | C317: 29 | D317: 66 | E317: E | F317: 1 | G317: 1 | I317: 1 | J317: 品名-2 | K317: G196 | L317: 款式 1-1 | M317: 副區-E-1-1.jpg | N317: 0 | O317: 限5字
A318: subarea | B318: msbn-sub:28:0 | C318: 29 | D318: 66 | E318: E | F318: 1 | G318: 1 | I318: 1 | J318: 警語-1 | K318: D197 | L318: 款式 1-1 | M318: 副區-E-1-1.jpg | N318: 0 | O318: 限6字
A319: subarea | B319: msbn-sub:28:0 | C319: 29 | D319: 66 | E319: E | F319: 1 | G319: 1 | I319: 1 | J319: 警語-2 | K319: G197 | L319: 款式 1-1 | M319: 副區-E-1-1.jpg | N319: 0 | O319: 限6字
A320: subarea | B320: msbn-sub:28:0 | C320: 29 | D320: 66 | E320: E | F320: 1 | G320: 1 | I320: 1 | J320: 圓標-1 | K320: D198 | L320: 款式 1-1 | M320: 副區-E-1-1.jpg | N320: 0 | O320: 限7字
A321: subarea | B321: msbn-sub:28:0 | C321: 29 | D321: 66 | E321: E | F321: 1 | G321: 1 | I321: 1 | J321: 圓標-2 | K321: G198 | L321: 款式 1-1 | M321: 副區-E-1-1.jpg | N321: 0 | O321: 限7字
A322: subarea | B322: msbn-sub:28:1 | C322: 29 | D322: 67 | E322: E | F322: 1 | G322: 2 | I322: 2 | J322: 促標 | K322: L193 | L322: 款式 1-2 | M322: 副區-E-1-2.jpg | N322: 0
A323: subarea | B323: msbn-sub:28:1 | C323: 29 | D323: 67 | E323: E | F323: 1 | G323: 2 | I323: 2 | J323: LOGO圖 | K323: L194 | L323: 款式 1-2 | M323: 副區-E-1-2.jpg | N323: 0 | O323: (圖檔名)
A324: subarea | B324: msbn-sub:28:1 | C324: 29 | D324: 67 | E324: E | F324: 1 | G324: 2 | I324: 2 | J324: 商品圖 | K324: L195 | L324: 款式 1-2 | M324: 副區-E-1-2.jpg | N324: 0 | O324: (圖檔名)
A325: subarea | B325: msbn-sub:28:1 | C325: 29 | D325: 67 | E325: E | F325: 1 | G325: 2 | I325: 2 | J325: 品名-1 | K325: L196 | L325: 款式 1-2 | M325: 副區-E-1-2.jpg | N325: 0 | O325: 限5字
A326: subarea | B326: msbn-sub:28:1 | C326: 29 | D326: 67 | E326: E | F326: 1 | G326: 2 | I326: 2 | J326: 品名-2 | K326: O196 | L326: 款式 1-2 | M326: 副區-E-1-2.jpg | N326: 0 | O326: 限5字
A327: subarea | B327: msbn-sub:28:1 | C327: 29 | D327: 67 | E327: E | F327: 1 | G327: 2 | I327: 2 | J327: 警語-1 | K327: L197 | L327: 款式 1-2 | M327: 副區-E-1-2.jpg | N327: 0 | O327: 限6字
A328: subarea | B328: msbn-sub:28:1 | C328: 29 | D328: 67 | E328: E | F328: 1 | G328: 2 | I328: 2 | J328: 警語-2 | K328: O197 | L328: 款式 1-2 | M328: 副區-E-1-2.jpg | N328: 0 | O328: 限6字
A329: subarea | B329: msbn-sub:29:0 | C329: 30 | D329: 68 | E329: E | F329: 1 | G329: 3 | I329: 1 | J329: 促標 | K329: D201 | L329: 款式 1-3 | M329: 副區-E-1-3.jpg | N329: 0
A330: subarea | B330: msbn-sub:29:0 | C330: 30 | D330: 68 | E330: E | F330: 1 | G330: 3 | I330: 1 | J330: LOGO圖 | K330: D202 | L330: 款式 1-3 | M330: 副區-E-1-3.jpg | N330: 0 | O330: (圖檔名)
A331: subarea | B331: msbn-sub:29:0 | C331: 30 | D331: 68 | E331: E | F331: 1 | G331: 3 | I331: 1 | J331: 商品圖 | K331: D203 | L331: 款式 1-3 | M331: 副區-E-1-3.jpg | N331: 0 | O331: (圖檔名)
A332: subarea | B332: msbn-sub:29:0 | C332: 30 | D332: 68 | E332: E | F332: 1 | G332: 3 | I332: 1 | J332: 品名-1 | K332: D204 | L332: 款式 1-3 | M332: 副區-E-1-3.jpg | N332: 0 | O332: 限5字
A333: subarea | B333: msbn-sub:29:0 | C333: 30 | D333: 68 | E333: E | F333: 1 | G333: 3 | I333: 1 | J333: 品名-2 | K333: G204 | L333: 款式 1-3 | M333: 副區-E-1-3.jpg | N333: 0 | O333: 限5字
A334: subarea | B334: msbn-sub:29:1 | C334: 30 | D334: 69 | E334: E | F334: 2 | G334: 1 | I334: 2 | J334: LOGO圖 | K334: L201 | L334: 款式 2-1 | M334: 副區-E-2-1.jpg | N334: 0 | O334: (圖檔名)
A335: subarea | B335: msbn-sub:29:1 | C335: 30 | D335: 69 | E335: E | F335: 2 | G335: 1 | I335: 2 | J335: 商品圖 | K335: L202 | L335: 款式 2-1 | M335: 副區-E-2-1.jpg | N335: 0 | O335: (圖檔名)
A336: subarea | B336: msbn-sub:29:1 | C336: 30 | D336: 69 | E336: E | F336: 2 | G336: 1 | I336: 2 | J336: 品名-1 | K336: L203 | L336: 款式 2-1 | M336: 副區-E-2-1.jpg | N336: 0 | O336: 限5字
A337: subarea | B337: msbn-sub:29:1 | C337: 30 | D337: 69 | E337: E | F337: 2 | G337: 1 | I337: 2 | J337: 品名-2 | K337: O203 | L337: 款式 2-1 | M337: 副區-E-2-1.jpg | N337: 0 | O337: 限5字
A338: subarea | B338: msbn-sub:29:1 | C338: 30 | D338: 69 | E338: E | F338: 2 | G338: 1 | I338: 2 | J338: 警語-1 | K338: L204 | L338: 款式 2-1 | M338: 副區-E-2-1.jpg | N338: 0 | O338: 限6字
A339: subarea | B339: msbn-sub:29:1 | C339: 30 | D339: 69 | E339: E | F339: 2 | G339: 1 | I339: 2 | J339: 警語-2 | K339: O204 | L339: 款式 2-1 | M339: 副區-E-2-1.jpg | N339: 0 | O339: 限6字
A340: subarea | B340: msbn-sub:29:1 | C340: 30 | D340: 69 | E340: E | F340: 2 | G340: 1 | I340: 2 | J340: 圓標-1 | K340: L205 | L340: 款式 2-1 | M340: 副區-E-2-1.jpg | N340: 0 | O340: 限7字
A341: subarea | B341: msbn-sub:29:1 | C341: 30 | D341: 69 | E341: E | F341: 2 | G341: 1 | I341: 2 | J341: 圓標-2 | K341: O205 | L341: 款式 2-1 | M341: 副區-E-2-1.jpg | N341: 0 | O341: 限7字
... A367: subarea | B367: msbn-sub:31:3 | C367: 32 | D367: 75 | E367: F | F367: 1 | G367: 1 | I367: 4 | J367: 警語 | K367: P216 | L367: 款式 1-1 | M367: 副區-F-1-1.jpg | N367: 0 | O367: 限6字
A368: msbn | B368: msbn:32 | C368: 33 | D368: 76 | H368: MSBN-A-1-1.jpg | I368: 1 | J368: 促標 | K368: D218 | L368: MSBN-A-1-1 | M368: MSBN-A-1-1.jpg | N368: 0 | O368: 限7字
A369: msbn | B369: msbn:32 | C369: 33 | D369: 76 | H369: MSBN-A-1-1.jpg | I369: 1 | J369: 商品圖 | K369: H218 | L369: MSBN-A-1-1 | M369: MSBN-A-1-1.jpg | N369: 0 | O369: (圖檔名)
A370: msbn | B370: msbn:32 | C370: 33 | D370: 76 | H370: MSBN-A-1-1.jpg | I370: 1 | J370: 品名 | K370: D219 | L370: MSBN-A-1-1 | M370: MSBN-A-1-1.jpg | N370: 0 | O370: 限8字
A371: msbn | B371: msbn:32 | C371: 33 | D371: 76 | H371: MSBN-A-1-1.jpg | I371: 1 | J371: 代言人圖 | K371: H219 | L371: MSBN-A-1-1 | M371: MSBN-A-1-1.jpg | N371: 0 | O371: (圖檔名)
A372: msbn | B372: msbn:32 | C372: 33 | D372: 76 | H372: MSBN-A-1-1.jpg | I372: 1 | J372: 品名 | K372: D220 | L372: MSBN-A-1-1 | M372: MSBN-A-1-1.jpg | N372: 0 | O372: 限8字
A373: msbn | B373: msbn:32 | C373: 33 | D373: 76 | H373: MSBN-A-1-1.jpg | I373: 1 | J373: 圓標 | K373: H220 | L373: MSBN-A-1-1 | M373: MSBN-A-1-1.jpg | N373: 0 | O373: 限7字
A374: msbn | B374: msbn:32 | C374: 33 | D374: 76 | H374: MSBN-A-1-1.jpg | I374: 1 | J374: 警語 | K374: D221 | L374: MSBN-A-1-1 | M374: MSBN-A-1-1.jpg | N374: 0 | O374: 限9字
A375: msbn | B375: msbn:32 | C375: 33 | D375: 76 | H375: MSBN-A-1-1.jpg | I375: 1 | J375: 簽名小字 | K375: H221 | L375: MSBN-A-1-1 | M375: MSBN-A-1-1.jpg | N375: 0 | O375: 限5字
A376: msbn | B376: msbn:32 | C376: 33 | D376: 76 | H376: MSBN-A-1-1.jpg | I376: 1 | J376: 簽名小字 | K376: H222 | L376: MSBN-A-1-1 | M376: MSBN-A-1-1.jpg | N376: 0 | O376: 限5字
A377: msbn | B377: msbn:32 | C377: 33 | D377: 76 | H377: MSBN-A-1-1.jpg | I377: 1 | J377: 簽名圖 | K377: H223 | L377: MSBN-A-1-1 | M377: MSBN-A-1-1.jpg | N377: 0 | O377: (圖檔名)
A378: msbn | B378: msbn:32 | C378: 33 | D378: 76 | H378: MSBN-A-1-1.jpg | I378: 1 | J378: CTA | K378: H224 | L378: MSBN-A-1-1 | M378: MSBN-A-1-1.jpg | N378: 0 | O378: 限3字
A379: msbn | B379: msbn:33 | C379: 34 | D379: 77 | H379: MSBN-A-1-2.jpg | I379: 1 | J379: 商品圖 | K379: D226 | L379: MSBN-A-1-2 | M379: MSBN-A-1-2.jpg | N379: 0 | O379: (圖檔名)
... A422: msbn | B422: msbn:36 | C422: 37 | D422: 80 | H422: MSBN-A-2-3.jpg | I422: 1 | J422: 圓標 | K422: D254 | L422: MSBN-A-2-3 | M422: MSBN-A-2-3.jpg | N422: 0 | O422: 限7字
A423: msbn | B423: msbn:36 | C423: 37 | D423: 80 | H423: MSBN-A-2-3.jpg | I423: 1 | J423: 色塊 | K423: D255 | L423: MSBN-A-2-3 | M423: MSBN-A-2-3.jpg | N423: 0 | P423: bgColor
A424: msbn | B424: msbn:36 | C424: 37 | D424: 80 | H424: MSBN-A-2-3.jpg | I424: 2 | J424: 促標 | K424: H250 | L424: MSBN-A-2-3 | M424: MSBN-A-2-3.jpg | N424: 0 | O424: 限6字
A425: msbn | B425: msbn:36 | C425: 37 | D425: 80 | H425: MSBN-A-2-3.jpg | I425: 2 | J425: 商品圖 | K425: H251 | L425: MSBN-A-2-3 | M425: MSBN-A-2-3.jpg | N425: 0 | O425: (圖檔名)
A426: msbn | B426: msbn:36 | C426: 37 | D426: 80 | H426: MSBN-A-2-3.jpg | I426: 2 | J426: 品名 | K426: H252 | L426: MSBN-A-2-3 | M426: MSBN-A-2-3.jpg | N426: 0 | O426: 限8字
A427: msbn | B427: msbn:36 | C427: 37 | D427: 80 | H427: MSBN-A-2-3.jpg | I427: 2 | J427: 品名 | K427: H253 | L427: MSBN-A-2-3 | M427: MSBN-A-2-3.jpg | N427: 0 | O427: 限8字
A428: msbn | B428: msbn:36 | C428: 37 | D428: 80 | H428: MSBN-A-2-3.jpg | I428: 2 | J428: 圓標 | K428: H254 | L428: MSBN-A-2-3 | M428: MSBN-A-2-3.jpg | N428: 0 | O428: 限7字
A429: msbn | B429: msbn:36 | C429: 37 | D429: 80 | H429: MSBN-A-2-3.jpg | I429: 2 | J429: 色塊 | K429: H255 | L429: MSBN-A-2-3 | M429: MSBN-A-2-3.jpg | N429: 0 | P429: bgColor2
A430: msbn | B430: msbn:37 | C430: 38 | D430: 81 | H430: MSBN-A-2-4.jpg | I430: 1 | J430: LOGO圖 | K430: D257 | L430: MSBN-A-2-4 | M430: MSBN-A-2-4.jpg | N430: 0 | O430: (圖檔名)
A431: msbn | B431: msbn:37 | C431: 38 | D431: 81 | H431: MSBN-A-2-4.jpg | I431: 2 | J431: LOGO圖 | K431: H257 | L431: MSBN-A-2-4 | M431: MSBN-A-2-4.jpg | N431: 0 | O431: (圖檔名)
A432: msbn | B432: msbn:38 | C432: 39 | D432: 82 | H432: MSBN-A-3-1.jpg | I432: 1 | J432: 商品圖 | K432: D259 | L432: MSBN-A-3-1 | M432: MSBN-A-3-1.jpg | N432: 0 | O432: (圖檔名)
A433: msbn | B433: msbn:38 | C433: 39 | D433: 82 | H433: MSBN-A-3-1.jpg | I433: 1 | J433: 贈品圖 | K433: D260 | L433: MSBN-A-3-1 | M433: MSBN-A-3-1.jpg | N433: 0 | O433: (圖檔名)
A434: msbn | B434: msbn:38 | C434: 39 | D434: 82 | H434: MSBN-A-3-1.jpg | I434: 1 | J434: 圓標 | K434: D261 | L434: MSBN-A-3-1 | M434: MSBN-A-3-1.jpg | N434: 0 | O434: 限7字
A435: msbn | B435: msbn:38 | C435: 39 | D435: 82 | H435: MSBN-A-3-1.jpg | I435: 1 | J435: 品名 | K435: D262 | L435: MSBN-A-3-1 | M435: MSBN-A-3-1.jpg | N435: 0 | O435: 限7字
A436: msbn | B436: msbn:38 | C436: 39 | D436: 82 | H436: MSBN-A-3-1.jpg | I436: 2 | J436: 商品圖 | K436: H259 | L436: MSBN-A-3-1 | M436: MSBN-A-3-1.jpg | N436: 0 | O436: (圖檔名)
A437: msbn | B437: msbn:38 | C437: 39 | D437: 82 | H437: MSBN-A-3-1.jpg | I437: 2 | J437: 贈品圖 | K437: H260 | L437: MSBN-A-3-1 | M437: MSBN-A-3-1.jpg | N437: 0 | O437: (圖檔名)
A438: msbn | B438: msbn:38 | C438: 39 | D438: 82 | H438: MSBN-A-3-1.jpg | I438: 2 | J438: 圓標 | K438: H261 | L438: MSBN-A-3-1 | M438: MSBN-A-3-1.jpg | N438: 0 | O438: 限7字
A439: msbn | B439: msbn:38 | C439: 39 | D439: 82 | H439: MSBN-A-3-1.jpg | I439: 2 | J439: 品名 | K439: H262 | L439: MSBN-A-3-1 | M439: MSBN-A-3-1.jpg | N439: 0 | O439: 限7字
A440: msbn | B440: msbn:38 | C440: 39 | D440: 82 | H440: MSBN-A-3-1.jpg | I440: 3 | J440: 商品圖 | K440: L259 | L440: MSBN-A-3-1 | M440: MSBN-A-3-1.jpg | N440: 0 | O440: (圖檔名)
A441: msbn | B441: msbn:38 | C441: 39 | D441: 82 | H441: MSBN-A-3-1.jpg | I441: 3 | J441: 贈品圖 | K441: L260 | L441: MSBN-A-3-1 | M441: MSBN-A-3-1.jpg | N441: 0 | O441: (圖檔名)
... A446: msbn | B446: msbn:39 | C446: 40 | D446: 83 | H446: MSBN-A-3-2.jpg | I446: 3 | J446: LOGO圖 | K446: L264 | L446: MSBN-A-3-2 | M446: MSBN-A-3-2.jpg | N446: 0 | O446: (圖檔名)
A447: msbn | B447: msbn:40 | C447: 41 | D447: 84 | H447: MSBN-B-1-1.jpg | I447: 1 | J447: 簽名小字 | K447: D266 | L447: MSBN-B-1-1 | M447: MSBN-B-1-1.jpg | N447: 0 | O447: 限8字 | P447: endorserNote
A448: msbn | B448: msbn:40 | C448: 41 | D448: 84 | H448: MSBN-B-1-1.jpg | I448: 1 | J448: 促標 | K448: H266 | L448: MSBN-B-1-1 | M448: MSBN-B-1-1.jpg | N448: 0 | O448: 限7字
A449: msbn | B449: msbn:40 | C449: 41 | D449: 84 | H449: MSBN-B-1-1.jpg | I449: 1 | J449: 簽名小字 | K449: D267 | L449: MSBN-B-1-1 | M449: MSBN-B-1-1.jpg | N449: 0 | O449: 限8字 | P449: endorserNote
A450: msbn | B450: msbn:40 | C450: 41 | D450: 84 | H450: MSBN-B-1-1.jpg | I450: 1 | J450: 品名 | K450: H267 | L450: MSBN-B-1-1 | M450: MSBN-B-1-1.jpg | N450: 0 | O450: 限8字
A451: msbn | B451: msbn:40 | C451: 41 | D451: 84 | H451: MSBN-B-1-1.jpg | I451: 1 | J451: 商品圖 | K451: D268 | L451: MSBN-B-1-1 | M451: MSBN-B-1-1.jpg | N451: 0 | O451: (圖檔名)
A452: msbn | B452: msbn:40 | C452: 41 | D452: 84 | H452: MSBN-B-1-1.jpg | I452: 1 | J452: 品名 | K452: H268 | L452: MSBN-B-1-1 | M452: MSBN-B-1-1.jpg | N452: 0 | O452: 限8字
A453: msbn | B453: msbn:40 | C453: 41 | D453: 84 | H453: MSBN-B-1-1.jpg | I453: 1 | J453: 警語 | K453: H269 | L453: MSBN-B-1-1 | M453: MSBN-B-1-1.jpg | N453: 0 | O453: 限9字
A454: msbn | B454: msbn:40 | C454: 41 | D454: 84 | H454: MSBN-B-1-1.jpg | I454: 1 | J454: CTA | K454: H270 | L454: MSBN-B-1-1 | M454: MSBN-B-1-1.jpg | N454: 0 | O454: 限3字
A455: msbn | B455: msbn:41 | C455: 42 | D455: 85 | H455: MSBN-B-1-2.jpg | I455: 1 | J455: 簽名小字 | K455: D272 | L455: MSBN-B-1-2 | M455: MSBN-B-1-2.jpg | N455: 0 | O455: 限8字 | P455: endorserNote
A456: msbn | B456: msbn:41 | C456: 42 | D456: 85 | H456: MSBN-B-1-2.jpg | I456: 1 | J456: 促標 | K456: H272 | L456: MSBN-B-1-2 | M456: MSBN-B-1-2.jpg | N456: 0 | O456: 限7字
A457: msbn | B457: msbn:41 | C457: 42 | D457: 85 | H457: MSBN-B-1-2.jpg | I457: 1 | J457: 簽名小字 | K457: D273 | L457: MSBN-B-1-2 | M457: MSBN-B-1-2.jpg | N457: 0 | O457: 限8字 | P457: endorserNote
A458: msbn | B458: msbn:41 | C458: 42 | D458: 85 | H458: MSBN-B-1-2.jpg | I458: 1 | J458: 品名 | K458: H273 | L458: MSBN-B-1-2 | M458: MSBN-B-1-2.jpg | N458: 0 | O458: 限8字
A459: msbn | B459: msbn:41 | C459: 42 | D459: 85 | H459: MSBN-B-1-2.jpg | I459: 1 | J459: 商品圖 | K459: D274 | L459: MSBN-B-1-2 | M459: MSBN-B-1-2.jpg | N459: 0 | O459: (圖檔名)
A460: msbn | B460: msbn:41 | C460: 42 | D460: 85 | H460: MSBN-B-1-2.jpg | I460: 1 | J460: 品名 | K460: H274 | L460: MSBN-B-1-2 | M460: MSBN-B-1-2.jpg | N460: 0 | O460: 限8字
A461: msbn | B461: msbn:41 | C461: 42 | D461: 85 | H461: MSBN-B-1-2.jpg | I461: 1 | J461: 警語 | K461: H275 | L461: MSBN-B-1-2 | M461: MSBN-B-1-2.jpg | N461: 0 | O461: 限9字
A462: msbn | B462: msbn:42 | C462: 43 | D462: 86 | H462: MSBN-B-1-3.jpg | I462: 1 | J462: 簽名小字 | K462: D277 | L462: MSBN-B-1-3 | M462: MSBN-B-1-3.jpg | N462: 0 | O462: 限8字 | P462: endorserNote
A463: msbn | B463: msbn:42 | C463: 43 | D463: 86 | H463: MSBN-B-1-3.jpg | I463: 1 | J463: LOGO圖 | K463: H277 | L463: MSBN-B-1-3 | M463: MSBN-B-1-3.jpg | N463: 0 | O463: (圖檔名)
A464: msbn | B464: msbn:42 | C464: 43 | D464: 86 | H464: MSBN-B-1-3.jpg | I464: 1 | J464: 簽名小字 | K464: D278 | L464: MSBN-B-1-3 | M464: MSBN-B-1-3.jpg | N464: 0 | O464: 限8字 | P464: endorserNote
A465: msbn | B465: msbn:42 | C465: 43 | D465: 86 | H465: MSBN-B-1-3.jpg | I465: 1 | J465: 文案 | K465: H278 | L465: MSBN-B-1-3 | M465: MSBN-B-1-3.jpg | N465: 0 | O465: 限10字
A466: msbn | B466: msbn:42 | C466: 43 | D466: 86 | H466: MSBN-B-1-3.jpg | I466: 1 | J466: 商品圖 | K466: D279 | L466: MSBN-B-1-3 | M466: MSBN-B-1-3.jpg | N466: 0 | O466: (圖檔名)
A467: msbn | B467: msbn:42 | C467: 43 | D467: 86 | H467: MSBN-B-1-3.jpg | I467: 1 | J467: CTA | K467: H279 | L467: MSBN-B-1-3 | M467: MSBN-B-1-3.jpg | N467: 0 | O467: 限3字
A468: msbn | B468: msbn:43 | C468: 44 | D468: 87 | H468: MSBN-B-1-4.jpg | I468: 1 | J468: 簽名小字 | K468: D281 | L468: MSBN-B-1-4 | M468: MSBN-B-1-4.jpg | N468: 0 | O468: 每行限5字 | P468: endorserNote
...

Sheet _BODA_BOTTOM
A1: BODA_BOTTOM_V1 | B1: MS Layout
A2: group | B2: title | C2: iconAddress | D2: logoAddress | E2: textAddress | F2: countAddress | G2: optional
A3: 1 | B3: 第1顆 | C3: E414 | D3: E415 | E3: C416 | F3: G416 | G3: 0
A4: 2 | B4: 第2顆 | C4: J414 | D4: J415 | E4: H416 | F4: L416 | G4: 0
A5: 3 | B5: 第3顆 | C5: O414 | D5: O415 | E5: M416 | F5: Q416 | G5: 1
A6: 4 | B6: 第4顆 | C6: T414 | D6: T415 | E6: R416 | F6: Y416 | G6: 1
A7: 5 | B7: 第5顆 | C7: AB414 | D7: AB415 | E7: Z416 | F7: AG416 | G7: 1

Sheet _BODA_BOTTOM_STATE
A1: BODA_BOTTOM_STATE_V1 | B1: 1 | C1: JSON chunks
A3: 1 | B3: { "format": "sticky-banner-project", "version": 2, "activeBannerIndex": 0, "sharpen": true, "banners": [ { "slotCount": 5, "activeSlotIndex": 0, "accentColor": "red", "slots": [ { "text": "主會場", "iconId": "bod-logo", "iconText": null }, { "text": "", "iconId": null, "iconText": null }, { "text": "", "iconId": null, "iconText": null }, { "text": "", "iconId": null, "iconText": null }, { "text": "", "iconId": null, "iconText": null } ] } ], "customIcons": [] }
